Position,Organic Position,Searchquery,Device,Title,Description,Pixeldistance from top,Snippet Pixel Height,URL,domain,Sitename,URL Preview,Custom Favicon,Title truncated,Description truncated,Has sitelinks,Has rich results,Has image,location,date,time
1,-,site:news.maranatha.edu,desktop,SERP Feature | Images for site:news.maranatha.edu,-,182,226,-,-,-,-,-,-,-,-,-,-,"Indonesia Sukasari, Bandung City, West Java",11/3/2023,13:29
2,1,site:news.maranatha.edu,desktop,Maranatha News - Berita Resmi Universitas Kristen Maranatha,8 hours ago — Popular News · Mengakhiri Tahun 2022 dengan Ucapan Syukur di End Year Festive 2022 9 January 2023 947 · Maranatha THE Impact Rankings 2023 · Motor Listrik ...,452,117,https://news.maranatha.edu/,news.maranatha.edu,maranatha.edu,https://news.maranatha.edu,no,FALSE,TRUE,FALSE,FALSE,FALSE,"Indonesia Sukasari, Bandung City, West Java",11/3/2023,13:29
3,2,site:news.maranatha.edu,desktop,Magazine Archive - Maranatha News,3 days ago — Maranatha News · Share: · Share:.,599,95,https://news.maranatha.edu/magazine/,news.maranatha.edu,maranatha.edu,https://news.maranatha.edu › magaz...,no,FALSE,FALSE,FALSE,FALSE,FALSE,"Indonesia Sukasari, Bandung City, West Java",11/3/2023,13:29
4,3,site:news.maranatha.edu,desktop,Featured Archive - Maranatha News,"Oct 7, 2023 — Marak Layoff, Masihkah Perusahaan Start-Up Menjanjikan bagi Fresh Graduate? 25 September 2023. 225. Ingat dengan drama ...",724,117,https://news.maranatha.edu/featured/,news.maranatha.edu,maranatha.edu,https://news.maranatha.edu › featured,no,FALSE,TRUE,FALSE,FALSE,FALSE,"Indonesia Sukasari, Bandung City, West Java",11/3/2023,13:29
5,4,site:news.maranatha.edu,desktop,Contact - Maranatha News,2 days ago — Share: · Name · Email · Subject · Message *.,871,95,https://news.maranatha.edu/contact/,news.maranatha.edu,maranatha.edu,https://news.maranatha.edu › contact,no,FALSE,FALSE,FALSE,FALSE,FALSE,"Indonesia Sukasari, Bandung City, West Java",11/3/2023,13:29
6,5,site:news.maranatha.edu,desktop,Photo Archive - Maranatha News,1 day ago — Orias Petrus Moedak: Escalate Capacit... 20 September 2023. 205. Pelantikan Mahasiswa Baru 2023/2024. 16 September 2023.,995,117,https://news.maranatha.edu/photo/,news.maranatha.edu,maranatha.edu,https://news.maranatha.edu › photo,no,FALSE,TRUE,FALSE,FALSE,FALSE,"Indonesia Sukasari, Bandung City, West Java",11/3/2023,13:29
7,6,site:news.maranatha.edu,desktop,Archive - Maranatha News,"5 hours ago — Berikan Kesempatan Magang bagi Mahasiswa dan Dosen, Maranatha dan PT Telkomsel Tandatangani MoU · Adi Suwasono Yobel Ahimsa Raih Juara Harapan I Lomba Fotografi ...",1142,117,https://news.maranatha.edu/archive/,news.maranatha.edu,maranatha.edu,https://news.maranatha.edu › archive,no,FALSE,TRUE,FALSE,FALSE,FALSE,"Indonesia Sukasari, Bandung City, West Java",11/3/2023,13:29
8,7,site:news.maranatha.edu,desktop,Belajar dari Ganjar - Maranatha News,"Oct 16, 2023 — Ganjar tahu persis, mengupayakan keadilan dan kesejahteraan untuk semua adalah sebuah tantangan sekaligus harapan. Sebab, ada masalah dalam hal regulasi, ...",1289,117,https://news.maranatha.edu/featured/belajar-dari-ganjar/,news.maranatha.edu,maranatha.edu,https://news.maranatha.edu › featured,no,FALSE,TRUE,FALSE,FALSE,FALSE,"Indonesia Sukasari, Bandung City, West Java",11/3/2023,13:29
9,8,site:news.maranatha.edu,desktop,Maranatha Land 2023,"Jul 27, 2023 — Maranatha Land 2023 · More videos on YouTube · More videos on YouTube · More videos on YouTube · Popular News · Editor Pick · Popular Tags. Abdimas Akreditasi D ...",1436,117,https://news.maranatha.edu/photo/maranatha-land-2023/,news.maranatha.edu,maranatha.edu,https://news.maranatha.edu › photo,no,FALSE,TRUE,FALSE,FALSE,FALSE,"Indonesia Sukasari, Bandung City, West Java",11/3/2023,13:29
10,9,site:news.maranatha.edu,desktop,Event Archives - Maranatha News,"2 days ago — Ciptakan Sustainable Culture, Fakultas Bisnis Maranatha Adakan International Guest Lecture and Talk Show. 30 October 2023.",1582,117,https://news.maranatha.edu/category/event/,news.maranatha.edu,maranatha.edu,https://news.maranatha.edu › category,no,FALSE,FALSE,FALSE,FALSE,FALSE,"Indonesia Sukasari, Bandung City, West Java",11/3/2023,13:29
11,10,site:news.maranatha.edu,desktop,Popular News - Maranatha News,2 days ago — Popular News · General · Akademik · Kemahasiswaan · Event · Achievement · Abdimas · Penelitian · Prestasi.,1760,117,https://news.maranatha.edu/popular-news/,news.maranatha.edu,maranatha.edu,https://news.maranatha.edu › popul...,no,FALSE,FALSE,FALSE,FALSE,FALSE,"Indonesia Sukasari, Bandung City, West Java",11/3/2023,13:29
12,11,site:news.maranatha.edu,desktop,"Semnas “Road to Unggul” (Foto, Video, Materi)","Aug 23, 2023 — Seminar Nasional “Road to Unggul” Universitas Kristen Maranatha berkolaborasi dengan Lembaga Layanan Pendidikan Tinggi (LLDIKTI) Wilayah IV dan BAN-PT (Rabu ...",1906,117,https://news.maranatha.edu/photo/semnas-road-to-unggul/,news.maranatha.edu,maranatha.edu,https://news.maranatha.edu › photo,no,FALSE,TRUE,FALSE,FALSE,FALSE,"Indonesia Sukasari, Bandung City, West Java",11/3/2023,13:29
13,12,site:news.maranatha.edu,desktop,Kedokteran Maranatha Terakreditasi Internasional ASIIN,"Aug 4, 2023 — Program Sarjana Kedokteran dan Profesi Dokter Universitas Kristen Maranatha menerima sertifikat akreditasi internasional ASIIN tertanggal 11 Juli 2023.",2053,117,https://news.maranatha.edu/kedokteran-maranatha-terakreditasi-internasional-asiin/,news.maranatha.edu,maranatha.edu,https://news.maranatha.edu › kedok...,no,FALSE,FALSE,FALSE,FALSE,FALSE,"Indonesia Sukasari, Bandung City, West Java",11/3/2023,13:29
14,13,site:news.maranatha.edu,desktop,Pelantikan Mahasiswa Baru 2023/2024 - Maranatha News,"Sep 16, 2023 — Sidang Terbuka Senat Universitas Kristen Maranatha dalam Rangka Pelantikan Mahasiswa Baru dan Pembukaan Tahun Akademik 2023/2024 diselenggarakan di ...",2200,117,https://news.maranatha.edu/photo/pelantikan-mahasiswa-baru-2023-2024/,news.maranatha.edu,maranatha.edu,https://news.maranatha.edu › photo,no,FALSE,TRUE,FALSE,FALSE,FALSE,"Indonesia Sukasari, Bandung City, West Java",11/3/2023,13:29
15,14,site:news.maranatha.edu,desktop,"Semnas ""Kepemimpinan Transformasional"" Ganjar Pranowo","Oct 11, 2023 — Universitas Kristen Maranatha menyelenggarakan Seminar Nasional 'Kepemimpinan Transformasional yang Menyejahterakan Wong Cilik' dengan pembicara H. Ganjar ...",2347,117,https://news.maranatha.edu/photo/semnas-kepemimpinan-transformasional-ganjar-pranowo/,news.maranatha.edu,maranatha.edu,https://news.maranatha.edu › photo,no,FALSE,TRUE,FALSE,FALSE,FALSE,"Indonesia Sukasari, Bandung City, West Java",11/3/2023,13:29
16,15,site:news.maranatha.edu,desktop,Korean Center Archives - Maranatha News,"2 days ago — Popular News · Motor Listrik Konversi, Ciptakan Peluang untuk Lulusan Teknik Elektro 13 January 2023 1,185 · Tingkatkan Riset, Maranatha Masuk 50 Besar Scimago ...",2493,117,https://news.maranatha.edu/tag/korean-center/,news.maranatha.edu,maranatha.edu,https://news.maranatha.edu › tag,no,FALSE,TRUE,FALSE,FALSE,FALSE,"Indonesia Sukasari, Bandung City, West Java",11/3/2023,13:29
17,16,site:news.maranatha.edu,desktop,Archive - Maranatha News,"4 days ago — Vincensius Nugroho Kristianto, mahasiswa Program Studi S-1 Teknik Elektro Universitas Kristen Maranatha mendapatkan kesempatan untuk mengikuti kegi.",2640,117,https://news.maranatha.edu/archive/page/116/,news.maranatha.edu,maranatha.edu,https://news.maranatha.edu › page,no,FALSE,FALSE,FALSE,FALSE,FALSE,"Indonesia Sukasari, Bandung City, West Java",11/3/2023,13:29
18,17,site:news.maranatha.edu,desktop,Wiratha Fest Archives - Maranatha News,"Sep 8, 2023 — Setelah dua hari sukses menggelar rangkaian acara, Wiratha Fest 2023 mencapai puncak acaranya pada Kamis, 7 September 2023. Mahasiswa baru (maba) m.",2787,117,https://news.maranatha.edu/tag/wiratha-fest/,news.maranatha.edu,maranatha.edu,https://news.maranatha.edu › tag,no,FALSE,FALSE,FALSE,FALSE,FALSE,"Indonesia Sukasari, Bandung City, West Java",11/3/2023,13:29
19,18,site:news.maranatha.edu,desktop,Sastra Jepang Archives - Maranatha News,"Jul 4, 2023 — Mahasiswa Program Sarjana Sastra Jepang Fakultas Bahasa dan Budaya Universitas Kristen Maranatha, Junita Davina (2042001) berhasil meraih Juara I p.",2934,117,https://news.maranatha.edu/tag/sastra-jepang/,news.maranatha.edu,maranatha.edu,https://news.maranatha.edu › tag › s...,no,FALSE,FALSE,FALSE,FALSE,FALSE,"Indonesia Sukasari, Bandung City, West Java",11/3/2023,13:29
20,19,site:news.maranatha.edu,desktop,Seminar Nasional Archives - Maranatha News,"Aug 4, 2023 — Seminar Nasional dan Kuliah Umum UK Maranatha, Orias: Punya Kemampuan tetapi Tidak Berintegritas Maka Nol! · Mengenal Kepemimpinan Era Digital Melalui Semnas “ ...",3080,117,https://news.maranatha.edu/tag/seminar-nasional/,news.maranatha.edu,maranatha.edu,https://news.maranatha.edu › tag › s...,no,FALSE,TRUE,FALSE,FALSE,FALSE,"Indonesia Sukasari, Bandung City, West Java",11/3/2023,13:29
21,20,site:news.maranatha.edu,desktop,Archive - Maranatha News,"3 days ago — Padukan Wayang Kulit dengan K-Pop, Sharren Darlenne Nathania Raih Juara III Innofashion Show 5 Competition. 6 September 2023.",3258,117,https://news.maranatha.edu/archive/page/4/,news.maranatha.edu,maranatha.edu,https://news.maranatha.edu › page,no,FALSE,FALSE,FALSE,FALSE,FALSE,"Indonesia Sukasari, Bandung City, West Java",11/3/2023,13:29
22,21,site:news.maranatha.edu,desktop,10 Penelitian Dosen Raih Hibah Kemendikbudristek 2023,"Jul 11, 2023 — Sepuluh penelitian dosen Universitas Kristen Maranatha terpilih sebagai penerima hibah dari Kemendikbudristek tahun 2023. Hibah diterima oleh sembilan orang ...",3404,117,https://news.maranatha.edu/10-penelitian-dosen-raih-hibah-kemendikbudristek-2023/,news.maranatha.edu,maranatha.edu,https://news.maranatha.edu › 10-pe...,no,FALSE,TRUE,FALSE,FALSE,FALSE,"Indonesia Sukasari, Bandung City, West Java",11/3/2023,13:29
23,22,site:news.maranatha.edu,desktop,Maranatha Jalin Kerja Sama dengan Pemkot Samarinda,"Sep 5, 2023 — Universitas Kristen Maranatha menandatangani Memorandum of Understanding (MoU) dengan Pemerintah Kota (Pemkot) Samarinda. Penandatanganan dilakukan di ...",3551,117,https://news.maranatha.edu/maranatha-jalin-kerja-sama-dengan-pemkot-samarinda/,news.maranatha.edu,maranatha.edu,https://news.maranatha.edu › maran...,no,FALSE,TRUE,FALSE,FALSE,FALSE,"Indonesia Sukasari, Bandung City, West Java",11/3/2023,13:29
24,23,site:news.maranatha.edu,desktop,Mengenal Jurusan Teknik Industri dan Prospek Kerjanya,"Jul 7, 2023 — Sebagai sales engineer, lulusan teknik industri bertanggung jawab dalam menjual produk teknis dengan kemampuan teknis yang mereka miliki. Sedangkan sebagai ...",3698,117,https://news.maranatha.edu/featured/mengenal-jurusan-teknik-industri-dan-prospek-kerjanya/,news.maranatha.edu,maranatha.edu,https://news.maranatha.edu › featured,no,FALSE,TRUE,FALSE,FALSE,FALSE,"Indonesia Sukasari, Bandung City, West Java",11/3/2023,13:29
25,24,site:news.maranatha.edu,desktop,International Talk Show Archives - Maranatha News,"4 days ago — Ciptakan Sustainable Culture, Fakultas Bisnis Maranatha Adakan International Guest Lecture and Talk Show. 30 October 2023.",3845,117,https://news.maranatha.edu/tag/international-talk-show/,news.maranatha.edu,maranatha.edu,https://news.maranatha.edu › tag › i...,no,FALSE,FALSE,FALSE,FALSE,FALSE,"Indonesia Sukasari, Bandung City, West Java",11/3/2023,13:29
26,25,site:news.maranatha.edu,desktop,Pengabdian kepada Masyarakat Archives - Maranatha News,"Aug 22, 2023 — Teknik Industri Maranatha Berikan Pelatihan Metode Kaizen untuk Tingkatkan Produktivitas Pabrik Mie Ho Kie San. 21 September 2023.",3991,117,https://news.maranatha.edu/tag/pengabdian-kepada-masyarakat/,news.maranatha.edu,maranatha.edu,https://news.maranatha.edu › tag,no,FALSE,FALSE,FALSE,FALSE,FALSE,"Indonesia Sukasari, Bandung City, West Java",11/3/2023,13:29
27,26,site:news.maranatha.edu,desktop,Bangkitnya Batik Wajah Indonesia di Hadapan Dunia,"Oct 7, 2023 — Share: ... Batik adalah kebanggaan budaya Indonesia yang diakui dunia. UNESCO telah menetapkan batik sebagai warisan budaya nonbendawi pada 2 Oktober 2009. Batik ...",4138,117,https://news.maranatha.edu/featured/bangkitnya-batik-wajah-indonesia-di-hadapan-dunia/,news.maranatha.edu,maranatha.edu,https://news.maranatha.edu › featured,no,FALSE,TRUE,FALSE,FALSE,FALSE,"Indonesia Sukasari, Bandung City, West Java",11/3/2023,13:29
28,27,site:news.maranatha.edu,desktop,International Guest Lecture Archives - Maranatha News,"4 days ago — Ciptakan Sustainable Culture, Fakultas Bisnis Maranatha Adakan International Guest Lecture and Talk Show. 30 October 2023.",4285,117,https://news.maranatha.edu/tag/international-guest-lecture/,news.maranatha.edu,maranatha.edu,https://news.maranatha.edu › tag › i...,no,FALSE,FALSE,FALSE,FALSE,FALSE,"Indonesia Sukasari, Bandung City, West Java",11/3/2023,13:29
29,28,site:news.maranatha.edu,desktop,Achievement Archives - Page 16 of 33 - Maranatha News,"4 days ago — Prabu Mandvi, Mahasiswa Teknik Sipil Maranatha Juara I Creative Youth Competition 2020. 18 December 2020. 1,554. Mahasiswa Program Sarjana Teknik Sipil ...",4432,117,https://news.maranatha.edu/category/achievement/page/16/,news.maranatha.edu,maranatha.edu,https://news.maranatha.edu › category,no,FALSE,TRUE,FALSE,FALSE,FALSE,"Indonesia Sukasari, Bandung City, West Java",11/3/2023,13:29
30,29,site:news.maranatha.edu,desktop,Achievement Archives - Page 3 of 32 - Maranatha News,"Oct 4, 2023 — Mahasiswa Sastra Jepang Bawa Pulang Piala Lomba News Anchor Winaction · Program Magister Psikologi Sains Berhasil Capai Akreditasi “Baik Sekali” · Program Sarjana ...",4579,117,https://news.maranatha.edu/category/achievement/page/3/,news.maranatha.edu,maranatha.edu,https://news.maranatha.edu › category,no,FALSE,TRUE,FALSE,FALSE,FALSE,"Indonesia Sukasari, Bandung City, West Java",11/3/2023,13:29
31,30,site:news.maranatha.edu,desktop,13 Prospek Kerja Teknik Elektro untuk Rencana Kariermu,"Jul 17, 2023 — Prospek kerja teknik elektro selanjutnya adalah di bidang manufaktur. Sebagai ahli teknik elektro di sektor manufaktur, para profesional ini akan bertanggung ...",4756,117,https://news.maranatha.edu/featured/13-prospek-kerja-teknik-elektro-untuk-rencana-kariermu/,news.maranatha.edu,maranatha.edu,https://news.maranatha.edu › featured,no,FALSE,TRUE,FALSE,FALSE,FALSE,"Indonesia Sukasari, Bandung City, West Java",11/3/2023,13:29
32,31,site:news.maranatha.edu,desktop,Menkumham Yasonna H. Laoly Ungkap Tantangan Wujudkan ...,"Jul 12, 2023 — Yasonna menjelaskan bahwa Indonesia Emas 2045 bukan sekadar impian, tetapi juga sebuah tujuan yang harus diwujudkan bersama. Dalam mencapai tujuan tersebut, ...",4903,117,https://news.maranatha.edu/menkumham-yasonna-h-laoly-ungkap-tantangan-wujudkan-indonesia-emas/,news.maranatha.edu,maranatha.edu,https://news.maranatha.edu › menk...,no,TRUE,TRUE,FALSE,FALSE,FALSE,"Indonesia Sukasari, Bandung City, West Java",11/3/2023,13:29
33,32,site:news.maranatha.edu,desktop,Pengukuhan Guru Besar Ilmu Hukum dan Ilmu Biologi ...,"Oct 10, 2023 — Dua Guru Besar Universitas Kristen Maranatha dikukuhkan pada Selasa, 10 Oktober 2023. Kedua Guru Besar tersebut adalah Prof. Dr. Pan Lindawaty Suherman Sewu ...",5049,117,https://news.maranatha.edu/photo/pengukuhan-guru-besar-ilmu-hukum-dan-ilmu-biologi-molekuler/,news.maranatha.edu,maranatha.edu,https://news.maranatha.edu › photo,no,TRUE,TRUE,FALSE,FALSE,FALSE,"Indonesia Sukasari, Bandung City, West Java",11/3/2023,13:29
34,33,site:news.maranatha.edu,desktop,8 Jurusan Kuliah di Bidang Bisnis Beserta Prospek Kerjanya,"Oct 6, 2023 — 8 Jurusan Kuliah Bisnis dan Prospek Kerjanya · 1. Kewirausahaan · 2. Akuntansi · 3. Bisnis Berkelanjutan · 4. Administrasi Bisnis · 5. Manajemen Bisnis · 6.",5196,117,https://news.maranatha.edu/featured/8-jurusan-kuliah-di-bidang-bisnis-beserta-prospek-kerjanya/,news.maranatha.edu,maranatha.edu,https://news.maranatha.edu › featured,no,FALSE,FALSE,FALSE,FALSE,FALSE,"Indonesia Sukasari, Bandung City, West Java",11/3/2023,13:29
35,34,site:news.maranatha.edu,desktop,Batik Lasem FSRD Maranatha Raih Penghargaan Seoul ...,"Oct 25, 2023 — Satu-satunya karya dari Indonesia berjudul “The New Face of Batik Lasem Industry” resmi menerima penghargaan sebagai pemenang ketiga Seoul Design Award 2023 ...",5343,117,https://news.maranatha.edu/batik-lasem-fsrd-maranatha-raih-penghargaan-seoul-design-award-2023/,news.maranatha.edu,maranatha.edu,https://news.maranatha.edu › batik-l...,no,TRUE,TRUE,FALSE,FALSE,FALSE,"Indonesia Sukasari, Bandung City, West Java",11/3/2023,13:29
36,35,site:news.maranatha.edu,desktop,Fakultas Kedokteran Archives - Page 2 of 15 - Maranatha News,3 days ago — UK Maranatha dan Universitas Kristen Satya Wacana Bersinergi Diskusikan Pendirian Fakultas Kedokteran. 31 May 2023. 459.,5490,117,https://news.maranatha.edu/tag/fakultas-kedokteran/page/2/,news.maranatha.edu,maranatha.edu,https://news.maranatha.edu › tag,no,FALSE,FALSE,FALSE,FALSE,FALSE,"Indonesia Sukasari, Bandung City, West Java",11/3/2023,13:29
37,36,site:news.maranatha.edu,desktop,Seminar Nasional “Generasi Unggul Majukan Bangsa Menuju ...,"Jul 12, 2023 — Share: ... Seminar nasional berjudul “Generasi Unggul Majukan Bangsa Menuju Indonesia Emas” sukses diselenggarakan di kampus Universitas Kristen Maranatha, ...",5636,117,https://news.maranatha.edu/photo/seminar-nasional-generasi-unggul-majukan-bangsa-menuju-indonesia-emas/,news.maranatha.edu,maranatha.edu,https://news.maranatha.edu › photo,no,TRUE,TRUE,FALSE,FALSE,FALSE,"Indonesia Sukasari, Bandung City, West Java",11/3/2023,13:29
38,37,site:news.maranatha.edu,desktop,Lulusan Jurusan Psikologi Kerja Apa? Ini Prospek Kerja dan ...,"Jul 7, 2023 — Jurusan psikologi memberikan banyak peluang karier yang menjanjikan. Setelah lulus, Anda dapat menjadi psikolog, konselor, peneliti, dosen, atau pengembang ...",5783,117,https://news.maranatha.edu/featured/lulusan-jurusan-psikologi-kerja-apa-ini-prospek-kerja-dan-gajinya/,news.maranatha.edu,maranatha.edu,https://news.maranatha.edu › featured,no,TRUE,TRUE,FALSE,FALSE,FALSE,"Indonesia Sukasari, Bandung City, West Java",11/3/2023,13:29
39,38,site:news.maranatha.edu,desktop,"Maranatha Top 3 PTS Terbaik Jawa Barat, 50 Besar ...","Jul 31, 2023 — Universitas Kristen Maranatha menempati posisi 49 Indonesia menurut Webometrics Ranking Web of Universities 2023, top 3 PTS terbaik Jawa Barat.",5930,117,https://news.maranatha.edu/maranatha-top-3-pts-terbaik-jawa-barat-50-besar-indonesia-webometrics-2023/,news.maranatha.edu,maranatha.edu,https://news.maranatha.edu › maran...,no,TRUE,FALSE,FALSE,FALSE,FALSE,"Indonesia Sukasari, Bandung City, West Java",11/3/2023,13:29
40,39,site:news.maranatha.edu,desktop,"Finalis Seoul Design Award, Batik Lasem Jadi Kebanggaan ...","Oct 3, 2023 — Share: ... Bertepatan Hari Batik Nasional yang diperingati 2 Oktober 2023, Batik Lasem Indonesia menjadi kebanggaan karena berhasil menjadi finalis Seoul Design ...",6077,117,https://news.maranatha.edu/finalis-seoul-design-award-batik-lasem-jadi-kebanggaan-hari-batik-nasional-2023/,news.maranatha.edu,maranatha.edu,https://news.maranatha.edu › finalis...,no,TRUE,TRUE,FALSE,FALSE,FALSE,"Indonesia Sukasari, Bandung City, West Java",11/3/2023,13:29
41,40,site:news.maranatha.edu,desktop,Wiratha Fest 2023 Day 1 - Maranatha News,"Sep 5, 2023 — Universitas Kristen Maranatha menyambut mahasiswa baru tahun ajaran 2023/2024 lewat pergelaran Wilujeng Rawuh di Maranatha Festival (Wiratha Fest) 2023 ...",6254,117,https://news.maranatha.edu/photo/wiratha-fest-2023-day-1/,news.maranatha.edu,maranatha.edu,https://news.maranatha.edu › photo,no,FALSE,TRUE,FALSE,FALSE,FALSE,"Indonesia Sukasari, Bandung City, West Java",11/3/2023,13:29
42,41,site:news.maranatha.edu,desktop,Universitas Kristen Maranatha Archives - Page 4 of 39,5 days ago — Program Magister Psikologi Sains Berhasil Capai Akreditasi “Baik Sekali” · Mempelajari Karier Baru di Dunia Otomotif dalam Kuliah Umum Bersama Carsome Academy.,6401,117,https://news.maranatha.edu/tag/universitas-kristen-maranatha/page/4/,news.maranatha.edu,maranatha.edu,https://news.maranatha.edu › tag,no,FALSE,FALSE,FALSE,FALSE,FALSE,"Indonesia Sukasari, Bandung City, West Java",11/3/2023,13:29
43,42,site:news.maranatha.edu,desktop,Universitas Kristen Maranatha Archives - Page 5 of 39,5 days ago — Yosepin Sri Ningsih Perkenalkan Batik Lasem Sebagai Perpaduan Budaya Indonesia-Tionghoa di Guangzhou. 26 May 2023. 315 ; Membahas Pandangan Kepemimpinan Orang ...,6547,117,https://news.maranatha.edu/tag/universitas-kristen-maranatha/page/5/,news.maranatha.edu,maranatha.edu,https://news.maranatha.edu › tag,no,FALSE,TRUE,FALSE,FALSE,FALSE,"Indonesia Sukasari, Bandung City, West Java",11/3/2023,13:29
44,43,site:news.maranatha.edu,desktop,Universitas Kristen Maranatha Archives - Page 2 of 37,"Jul 4, 2023 — Fakultas Bisnis Maranatha Melakukan Abdimas Kembangkan Bisnis UMKM bersama PEKKA di Sadang Serang · Program Magister Psikologi Sains Berhasil Capai Akreditasi “ ...",6694,117,https://news.maranatha.edu/tag/universitas-kristen-maranatha/page/2/,news.maranatha.edu,maranatha.edu,https://news.maranatha.edu › tag,no,FALSE,TRUE,FALSE,FALSE,FALSE,"Indonesia Sukasari, Bandung City, West Java",11/3/2023,13:29
45,44,site:news.maranatha.edu,desktop,Hasil Pencarian Dari Kata Kunci - Maranatha News,"Aug 15, 2023 — Usaha peternakan, khususnya unggas, di masa pandemi mengalami krisis yang berlangsung cukup panjang dan meresahkan para pelaku usaha. Telur dan dag... Read More ...",6841,117,https://news.maranatha.edu/wp-content/themes/onepress/ajax-berita.php,news.maranatha.edu,maranatha.edu,https://news.maranatha.edu › onepress › ajax-berita,no,FALSE,TRUE,FALSE,FALSE,FALSE,"Indonesia Sukasari, Bandung City, West Java",11/3/2023,13:29
46,45,site:news.maranatha.edu,desktop,Intip Kemeriahan Perayaan HUT Republik Indonesia,"Aug 22, 2023 — Share: ... Jumat, 18 Agustus 2023, menjadi puncak perayaan Hari Ulang Tahun ke-78 Republik Indonesia di Universitas Kristen Maranatha. Dalam kesempatan yang ...",6988,117,https://news.maranatha.edu/photo/intip-kemeriahan-perayaan-hut-republik-indonesia/,news.maranatha.edu,maranatha.edu,https://news.maranatha.edu › photo,no,FALSE,TRUE,FALSE,FALSE,FALSE,"Indonesia Sukasari, Bandung City, West Java",11/3/2023,13:29
47,46,site:news.maranatha.edu,desktop,Hasil Pencarian Dari Kata Kunci,"Jul 17, 2023 — 13 Prospek Kerja Teknik Elektro untuk Rencana Kariermu · 3 Hal Penting di Fakultas Kedokteran Swasta Terbaik di Indonesia · 5 Alasan Jurusan Kedokteran Gigi Makin ...",7134,117,https://news.maranatha.edu/wp-content/themes/onepress/ajax-featured.php,news.maranatha.edu,maranatha.edu,https://news.maranatha.edu › onepress,no,FALSE,TRUE,FALSE,FALSE,FALSE,"Indonesia Sukasari, Bandung City, West Java",11/3/2023,13:29
48,47,site:news.maranatha.edu,desktop,Tingkatkan Motivasi dan Ambisi Melalui Wiratha Fest 2023,"Sep 8, 2023 — Share: ... Setelah dua hari sukses menggelar rangkaian acara, Wiratha Fest 2023 mencapai puncak acaranya pada Kamis, 7 September 2023. Mahasiswa baru (maba) ...",7281,117,https://news.maranatha.edu/tingkatkan-motivasi-dan-ambisi-melalui-wiratha-fest-2023/,news.maranatha.edu,maranatha.edu,https://news.maranatha.edu › tingka...,no,FALSE,TRUE,FALSE,FALSE,FALSE,"Indonesia Sukasari, Bandung City, West Java",11/3/2023,13:29
49,48,site:news.maranatha.edu,desktop,Ganjar Pranowo Jadi Pembicara dalam Seminar ...,"Oct 18, 2023 — Gubernur Jawa Tengah periode 2013-2023, H. Ganjar Pranowo, S.H., M.I.P., hadir sebagai pembicara dalam Seminar Kepemimpinan Universitas Kristen Maranatha.",7428,117,https://news.maranatha.edu/ganjar-pranowo-jadi-pembicara-dalam-seminar-kepemimpinan-maranatha/,news.maranatha.edu,maranatha.edu,https://news.maranatha.edu › ganjar...,no,TRUE,FALSE,FALSE,FALSE,FALSE,"Indonesia Sukasari, Bandung City, West Java",11/3/2023,13:29
50,49,site:news.maranatha.edu,desktop,Universitas Pembangunan Jaya Lakukan Studi Banding ...,"Sep 26, 2023 — Share: ... Dalam sambutannya, Deni mengatakan bahwa kegiatan ini merupakan tempat untuk saling bertukar pikiran dan gagasan terkait MBKM. “Program studi kami ...",7575,117,https://news.maranatha.edu/universitas-pembangunan-jaya-lakukan-studi-banding-mbkm-ke-maranatha/,news.maranatha.edu,maranatha.edu,https://news.maranatha.edu › univer...,no,TRUE,TRUE,FALSE,FALSE,FALSE,"Indonesia Sukasari, Bandung City, West Java",11/3/2023,13:29
51,50,site:news.maranatha.edu,desktop,Tracer Study Solusi Kurangi Tingkat Pengangguran di Indonesia,"Jul 8, 2023 — Pada 2021 dan 2022, tracer study dilaksanakan untuk dua tahun lulusan, yaitu 2019-2020 dan 2020-2021, sedangkan sebelumnya biasa dilakukan hanya satu tahun ...",7752,117,https://news.maranatha.edu/featured/tracer-study-solusi-kurangi-tingkat-pengangguran-di-indonesia/,news.maranatha.edu,maranatha.edu,https://news.maranatha.edu › featured,no,FALSE,TRUE,FALSE,FALSE,FALSE,"Indonesia Sukasari, Bandung City, West Java",11/3/2023,13:29
52,51,site:news.maranatha.edu,desktop,Semarak Sarasehan pada Dies Natalis ke-58 UK Maranatha,"Sep 13, 2023 — Share: ... Dalam rangkaian Dies Natalis ke-58, Universitas Kristen Maranatha menggelar acara Sarasehan pada tanggal 11 September 2023. Segenap civitas academica ...",7899,117,https://news.maranatha.edu/semarak-sarasehan-pada-dies-natalis-ke-58-uk-maranatha/,news.maranatha.edu,maranatha.edu,https://news.maranatha.edu › semar...,no,FALSE,TRUE,FALSE,FALSE,FALSE,"Indonesia Sukasari, Bandung City, West Java",11/3/2023,13:29
53,52,site:news.maranatha.edu,desktop,"Dukung Publikasi Jurnal Internasional, Maranatha & IEEE ...","Aug 16, 2023 — Share: ... Universitas Kristen Maranatha dan Institute of Electrical and Electronics Engineers (IEEE) menyelenggarakan International Conference on Smart ...",8046,117,https://news.maranatha.edu/dukung-publikasi-jurnal-internasional-maranatha-ieee-selenggarakan-ice-smartech/,news.maranatha.edu,maranatha.edu,https://news.maranatha.edu › dukun...,no,TRUE,TRUE,FALSE,FALSE,FALSE,"Indonesia Sukasari, Bandung City, West Java",11/3/2023,13:29
54,53,site:news.maranatha.edu,desktop,Untitled,"Jul 17, 2023 — 7 Faktor Universitas di Bandung Ramai Peminat · 6 Pilihan Profesi Menjanjikan untuk Lulusan Seni Rupa Desain · 7 Tips untuk Calon Maba agar Lancar Kuliah di ...",8192,117,https://news.maranatha.edu/wp-content/themes/onepress/ajax-featured-by-date.php,news.maranatha.edu,maranatha.edu,https://news.maranatha.edu › onepress,no,FALSE,TRUE,FALSE,FALSE,FALSE,"Indonesia Sukasari, Bandung City, West Java",11/3/2023,13:29
55,54,site:news.maranatha.edu,desktop,Mengenal Kepemimpinan Era Digital Melalui Semnas “Digital ...,"Aug 23, 2023 — “Saya berharap Program Doktor Ilmu Manajemen UK Maranatha dapat menciptakan pemimpin transformasi digital yang memiliki kemampuan memimpin dan mengelola ...",8339,117,https://news.maranatha.edu/mengenal-kepemimpinan-era-digital-melalui-semnas-digital-transformational-leadership/,news.maranatha.edu,maranatha.edu,https://news.maranatha.edu › menge...,no,TRUE,TRUE,FALSE,FALSE,FALSE,"Indonesia Sukasari, Bandung City, West Java",11/3/2023,13:29
56,55,site:news.maranatha.edu,desktop,"Tingkatkan Kualitas, Teknik Informatika Maranatha Jalani ...","Oct 25, 2023 — Tim asesor Lembaga Akreditasi Mandiri Informatika dan Komputer (LAM INFOKOM) telah melakukan kembali kegiatan visitasi pada Program Sarjana Teknik ...",8486,117,https://news.maranatha.edu/tingkatkan-kualitas-teknik-informatika-maranatha-jalani-visitasi-lam-infokom/,news.maranatha.edu,maranatha.edu,https://news.maranatha.edu › tingka...,no,TRUE,TRUE,FALSE,FALSE,FALSE,"Indonesia Sukasari, Bandung City, West Java",11/3/2023,13:29
57,56,site:news.maranatha.edu,desktop,Kampus Juga Perlu Branding agar Citra Semakin Kuat,"Aug 4, 2023 — Kampus Juga Perlu Branding agar Citra Semakin Kuat · Penentuan Identitas · Desain Visual yang Konsisten · Pengalaman Positif Mahasiswa · Kampanye · Digital ...",8633,117,https://news.maranatha.edu/featured/kampus-juga-perlu-branding-agar-citra-semakin-kuat/,news.maranatha.edu,maranatha.edu,https://news.maranatha.edu › featured,no,FALSE,TRUE,FALSE,FALSE,FALSE,"Indonesia Sukasari, Bandung City, West Java",11/3/2023,13:29
58,57,site:news.maranatha.edu,desktop,Pelantikan Mahasiswa Baru UK Maranatha Tahun Akademik ...,"Sep 20, 2023 — Share: ... Universitas Kristen Maranatha mengadakan Upacara Pelantikan Mahasiswa Baru Tahun Akademik 2023/2024, pada Sabtu, 16 September 2023. Upacara pelantikan ...",8779,117,https://news.maranatha.edu/pelantikan-mahasiswa-baru-uk-maranatha-tahun-akademik-2023-2024/,news.maranatha.edu,maranatha.edu,https://news.maranatha.edu › pelanti...,no,TRUE,TRUE,FALSE,FALSE,FALSE,"Indonesia Sukasari, Bandung City, West Java",11/3/2023,13:29
59,58,site:news.maranatha.edu,desktop,Wisuda Siswa Angkatan 40 SMAK 2 BPK Penabur Bandung,"5 days ago — Share: ... Sebanyak 305 siswa SMA Kristen 2 BPK Penabur Bandung kelas XII pada Sabtu, 19 Mei 2018 melepas masa studi di SMA. Kegiatan wisuda yang diadakan di ...",8926,117,https://news.maranatha.edu/wisuda-siswa-angkatan-40-smak-2-bpk-penabur-bandung/,news.maranatha.edu,maranatha.edu,https://news.maranatha.edu › wisud...,no,FALSE,TRUE,FALSE,FALSE,FALSE,"Indonesia Sukasari, Bandung City, West Java",11/3/2023,13:29
60,59,site:news.maranatha.edu,desktop,Program Magister Psikologi Sains Berhasil Capai Akreditasi ...,"Jun 30, 2023 — Selanjutnya, Yuspendi memiliki target atas Program Magister Psikologi Sains, yaitu mencapai akreditasi “Unggul” dan akreditasi internasional. Beberapa langkah ...",9073,117,https://news.maranatha.edu/program-magister-psikologi-sains-berhasil-capai-akreditasi-baik-sekali/,news.maranatha.edu,maranatha.edu,https://news.maranatha.edu › progra...,no,TRUE,TRUE,FALSE,FALSE,FALSE,"Indonesia Sukasari, Bandung City, West Java",11/3/2023,13:29
61,60,site:news.maranatha.edu,desktop,"Dukung Pelayanan Pembayaran Perkuliahan, Maranatha ...","Sep 4, 2023 — Share: ... Universitas Kristen Maranatha menerima kunjungan dari Bank Rakyat Indonesia (BRI) Bandung pada 29 Agustus 2023 di Ruang Integrity, Gedung Administrasi ...",9250,117,https://news.maranatha.edu/dukung-pelayanan-pembayaran-perkuliahan-maranatha-sambut-kunjungan-dari-bri-bandung/,news.maranatha.edu,maranatha.edu,https://news.maranatha.edu › dukun...,no,TRUE,TRUE,FALSE,FALSE,FALSE,"Indonesia Sukasari, Bandung City, West Java",11/3/2023,13:29
62,61,site:news.maranatha.edu,desktop,Tim Mahasiswa Fakultas Kedokteran Raih Juara I di ...,"Sep 6, 2023 — Share: ... Jeremi Christianto Jalil Tanggulungan (2010009) dan Justin Javier Tangano (2110208), mahasiswa Program Sarjana Pendidikan Dokter Universitas Kristen ...",9397,117,https://news.maranatha.edu/tim-mahasiswa-fakultas-kedokteran-raih-juara-i-di-kompetisi-nasional/,news.maranatha.edu,maranatha.edu,https://news.maranatha.edu › tim-m...,no,TRUE,TRUE,FALSE,FALSE,FALSE,"Indonesia Sukasari, Bandung City, West Java",11/3/2023,13:29
63,62,site:news.maranatha.edu,desktop,"Perkuat Keamanan Siber, Maranatha Terima Tanda ...","Aug 7, 2023 — Pada sesi materi, Wakil Dekan Bidang Akademik Fakultas Teknologi Informasi, Djoni Setiawan Kartawihardja, S.T., M.T., menyatakan bahwa proses pembentukan CSIRT ...",9544,117,https://news.maranatha.edu/perkuat-keamanan-siber-maranatha-terima-tanda-registrasi-csirt-dari-bssn/,news.maranatha.edu,maranatha.edu,https://news.maranatha.edu › perku...,no,TRUE,TRUE,FALSE,FALSE,FALSE,"Indonesia Sukasari, Bandung City, West Java",11/3/2023,13:29
64,63,site:news.maranatha.edu,desktop,Wiratha Fest 2023 Day 1: Ready to Start the Journey,"Sep 7, 2023 — Share: ... Sebanyak 1.174 mahasiswa baru (maba) Universitas Kristen Maranatha mengikuti kegiatan Wilujeng Rawuh di Maranatha Festival (Wiratha Fest) 2023 – “ ...",9690,117,https://news.maranatha.edu/wiratha-fest-2023-day-1-ready-to-start-the-journey/,news.maranatha.edu,maranatha.edu,https://news.maranatha.edu › wirath...,no,FALSE,TRUE,FALSE,FALSE,FALSE,"Indonesia Sukasari, Bandung City, West Java",11/3/2023,13:29
65,64,site:news.maranatha.edu,desktop,"Mendukung Kerja Sama, Maranatha Menyambut Kunjungan ...","Jul 24, 2023 — Share: ... Universitas Kristen Maranatha menerima kunjungan dari Universitas Kristen Artha Wacana (UKAW) pada Kamis, 13 Juli 2023 bertempat di Ruang Integrity ...",9837,117,https://news.maranatha.edu/mendukung-kerja-sama-maranatha-menyambut-kunjungan-universitas-kristen-artha-wacana/,news.maranatha.edu,maranatha.edu,https://news.maranatha.edu › mend...,no,TRUE,TRUE,FALSE,FALSE,FALSE,"Indonesia Sukasari, Bandung City, West Java",11/3/2023,13:29
66,65,site:news.maranatha.edu,desktop,Mahasiswa Sastra Jepang Bawa Pulang Piala Lomba News ...,"Jul 4, 2023 — Share: ... Mahasiswa Program Sarjana Sastra Jepang Fakultas Bahasa dan Budaya Universitas Kristen Maranatha, Junita Davina (2042001) berhasil meraih Juara I pada ...",9984,117,https://news.maranatha.edu/mahasiswa-sastra-jepang-bawa-pulang-piala-lomba-news-anchor-winaction/,news.maranatha.edu,maranatha.edu,https://news.maranatha.edu › mahas...,no,TRUE,TRUE,FALSE,FALSE,FALSE,"Indonesia Sukasari, Bandung City, West Java",11/3/2023,13:29
67,66,site:news.maranatha.edu,desktop,Erick Thohir Ajak Generasi Muda Maranatha Wujudkan ...,"Aug 4, 2023 — Selain tantangan yang dihadapi, Erick turut memberikan informasi agar negara kita dapat mewujudkan Indonesia Emas 2045. Salah satu metodenya adalah melalui ...",10131,117,https://news.maranatha.edu/erick-thohir-ajak-generasi-muda-maranatha-wujudkan-indonesia-emas-2045/,news.maranatha.edu,maranatha.edu,https://news.maranatha.edu › erick-t...,no,TRUE,TRUE,FALSE,FALSE,FALSE,"Indonesia Sukasari, Bandung City, West Java",11/3/2023,13:29
68,67,site:news.maranatha.edu,desktop,Maranatha Gelar Exposure dan Seminar Sehari “Spirit of Life ...,"Jul 13, 2023 — Universitas Kristen Maranatha selenggarakan Exposure dan Seminar Sehari yang berlangsung pada tanggal 6-7 Juni 2023 di Auditorium Prof.",10277,117,https://news.maranatha.edu/maranatha-gelar-exposure-dan-seminar-sehari-spirit-of-life-for-all/,news.maranatha.edu,maranatha.edu,https://news.maranatha.edu › maran...,no,TRUE,FALSE,FALSE,FALSE,FALSE,"Indonesia Sukasari, Bandung City, West Java",11/3/2023,13:29
69,68,site:news.maranatha.edu,desktop,"Marak Layoff, Masihkah Perusahaan Start-Up Menjanjikan ...","Sep 25, 2023 — Hampir setiap bulan selalu ada start-up yang melakukan layoff,” ujar pria yang akrab disapa Tio. Namun, meskipun begitu, keadaan ini tidak membuat para mantan ...",10424,117,https://news.maranatha.edu/featured/marak-layoff-masihkah-perusahaan-start-up-menjanjikan-bagi-fresh-graduate/,news.maranatha.edu,maranatha.edu,https://news.maranatha.edu › featured,no,TRUE,TRUE,FALSE,FALSE,FALSE,"Indonesia Sukasari, Bandung City, West Java",11/3/2023,13:29
70,69,site:news.maranatha.edu,desktop,Andiga Putra Purwanto Tampilkan Karya Melalui Pameran ...,"Oct 2, 2023 — Alumnus Program Sarjana Seni Rupa Murni Universitas Kristen Maranatha angkatan 2012, Andiga Putra Purwanto, menggelar pameran bertajuk “Exploring the ...",10571,117,https://news.maranatha.edu/andiga-putra-purwanto-tampilkan-karya-melalui-pameran-exploring-the-phantasmagorical-world/,news.maranatha.edu,maranatha.edu,https://news.maranatha.edu › andiga...,no,TRUE,TRUE,FALSE,FALSE,FALSE,"Indonesia Sukasari, Bandung City, West Java",11/3/2023,13:29
71,70,site:news.maranatha.edu,desktop,Maranatha Fasilitasi Acara PIT Kolaborasi PDUI dan PD IAI ...,"Aug 4, 2023 — PIT Kolaborasi PDUI dan PD IAI Jawa Barat 2023 dilaksanakan secara hybrid dengan mengusung tema “The Role of Professional Organizations, Scientific Updates, and ...",10748,117,https://news.maranatha.edu/maranatha-fasilitasi-acara-pit-kolaborasi-pdui-dan-pd-iai-jawa-barat/,news.maranatha.edu,maranatha.edu,https://news.maranatha.edu › maran...,no,TRUE,TRUE,FALSE,FALSE,FALSE,"Indonesia Sukasari, Bandung City, West Java",11/3/2023,13:29
72,71,site:news.maranatha.edu,desktop,Maranatha Beri Apresiasi Atas Dedikasi Direktur PBM Setelah ...,"Jul 25, 2023 — Universitas Kristen Maranatha mengadakan acara perpisahan untuk Direktur Pusat Bahasa Mandarin (PBM) Maranatha, Wang Jun, Ph.D., yang berasal dari Hebei ...",10895,117,https://news.maranatha.edu/maranatha-beri-apresiasi-atas-dedikasi-direktur-pbm-setelah-empat-tahun-pengabdian/,news.maranatha.edu,maranatha.edu,https://news.maranatha.edu › maran...,no,TRUE,TRUE,FALSE,FALSE,FALSE,"Indonesia Sukasari, Bandung City, West Java",11/3/2023,13:29
73,72,site:news.maranatha.edu,desktop,Mahasiswa Sastra Jepang Borong Piala Juara di Bunkasai ke ...,"Jul 17, 2023 — “Saya terkejut saat berhasil memenangkan lomba ini. Padahal ketika pelaksanaannya saya merasa kurang percaya diri,” tutur Raymond. Ia mengaku antusias jika ada ...",11042,117,https://news.maranatha.edu/mahasiswa-sastra-jepang-borong-piala-juara-di-bunkasai-ke-48-unpad/,news.maranatha.edu,maranatha.edu,https://news.maranatha.edu › mahas...,no,TRUE,TRUE,FALSE,FALSE,FALSE,"Indonesia Sukasari, Bandung City, West Java",11/3/2023,13:29
74,73,site:news.maranatha.edu,desktop,Webinar BEM Maranatha: Pentingnya Generasi Milenial ...,"Oct 9, 2023 — Ia juga mengatakan tujuan webinar ini adalah untuk menggarisbawahi peran penting generasi muda dalam pemilihan pemimpin negara, mengingat lebih dari 50% pemilih ...",11189,117,https://news.maranatha.edu/webinar-bem-maranatha-pentingnya-generasi-milenial-dalam-pembentukan-kualitas-pemimpin-negara/,news.maranatha.edu,maranatha.edu,https://news.maranatha.edu › webin...,no,TRUE,TRUE,FALSE,FALSE,FALSE,"Indonesia Sukasari, Bandung City, West Java",11/3/2023,13:29
75,74,site:news.maranatha.edu,desktop,Partisipasi Mahasiswa Universitas Kristen Maranatha dalam ...,"5 days ago — Delapan mahasiswa Program Studi D-III Seni Rupa dan Desain, Fakultas Seni Rupa dan Desain Universitas Kristen Maranatha kembali berpartisipasi dalam gala ...",11335,117,https://news.maranatha.edu/photo/partisipasi-mahasiswa-universitas-kristen-maranatha-dalam-23-fashion-district-2018/,news.maranatha.edu,maranatha.edu,https://news.maranatha.edu › photo,no,TRUE,TRUE,FALSE,FALSE,FALSE,"Indonesia Sukasari, Bandung City, West Java",11/3/2023,13:29
76,75,site:news.maranatha.edu,desktop,"Business Plan Competition 2023, Lahirkan Ide Bisnis Kreatif ...","Aug 15, 2023 — Share: ... Himpunan Mahasiswa Manajemen (HIMAMA) di bawah naungan Program Sarjana Manajemen Universitas Kristen Maranatha kembali menyelenggarakan Business Plan ...",11482,117,https://news.maranatha.edu/business-plan-competition-2023-lahirkan-ide-bisnis-kreatif-siswa-sma-smk/,news.maranatha.edu,maranatha.edu,https://news.maranatha.edu › busine...,no,TRUE,TRUE,FALSE,FALSE,FALSE,"Indonesia Sukasari, Bandung City, West Java",11/3/2023,13:29
77,76,site:news.maranatha.edu,desktop,"Dies Natalis ke-15 FKG Maranatha, Adakan Seminar Perkaya ...","Aug 11, 2023 — Share: ... Fakultas Kedokteran Gigi Universitas Kristen Maranatha menggelar Dies Natalis yang ke-15. Rangkaian kegiatan diadakan mulai tanggal 4 – 6 Agustus 2023.",11629,117,https://news.maranatha.edu/dies-natalis-ke-15-fkg-maranatha-adakan-seminar-perkaya-keilmuan-dokter-gigi/,news.maranatha.edu,maranatha.edu,https://news.maranatha.edu › dies-n...,no,TRUE,TRUE,FALSE,FALSE,FALSE,"Indonesia Sukasari, Bandung City, West Java",11/3/2023,13:29
78,77,site:news.maranatha.edu,desktop,Meningkatkan Akreditasi Perguruan Tinggi Menuju Unggul ...,"Aug 31, 2023 — “Akreditasi merupakan potret bagaimana sistem penjaminan mutu internal bukan hanya memenuhi dokumen saja, tetapi juga bagaimana budaya penguatan mutu benar ...",11776,117,https://news.maranatha.edu/meningkatkan-akreditasi-perguruan-tinggi-menuju-unggul-dalam-seminar-nasional-road-to-unggul/,news.maranatha.edu,maranatha.edu,https://news.maranatha.edu › menin...,no,TRUE,TRUE,FALSE,FALSE,FALSE,"Indonesia Sukasari, Bandung City, West Java",11/3/2023,13:29
79,78,site:news.maranatha.edu,desktop,Sastra Inggris Maranatha Berikan Pendampingan Penerapan ...,"3 days ago — Sebanyak sepuluh orang mahasiswa yaitu Janice Arianne, Maria Kristina, Grisella Kristy, Bella Ribka, Ariel, Kaila Darlene, Ferrel, Faishal Amrullah, ...",11922,117,https://news.maranatha.edu/sastra-inggris-maranatha-berikan-pendampingan-penerapan-multiple-intelligences-di-sd-kasih-bangsa/,news.maranatha.edu,maranatha.edu,https://news.maranatha.edu › sastra-...,no,TRUE,TRUE,FALSE,FALSE,FALSE,"Indonesia Sukasari, Bandung City, West Java",11/3/2023,13:29
80,79,site:news.maranatha.edu,desktop,UK Maranatha dan PT Accelist Lentera Indonesia Jalin Kerja ...,"Sep 8, 2023 — Penandatanganan ini dihadiri oleh perwakilan PT Accelist Lentera Indonesia, yakni Direktur, Markus Fresnel dan Co – Founder, Matius Kelvin. Sementara itu, ...",12069,117,https://news.maranatha.edu/uk-maranatha-dan-pt-accelist-lentera-indonesia-jalin-kerja-sama-membuka-program-magang/,news.maranatha.edu,maranatha.edu,https://news.maranatha.edu › uk-ma...,no,TRUE,TRUE,FALSE,FALSE,FALSE,"Indonesia Sukasari, Bandung City, West Java",11/3/2023,13:29
81,80,site:news.maranatha.edu,desktop,Universitas Kristen Maranatha Gelar Liga Maranatha Cermat ...,"Oct 13, 2023 — LMC adalah kompetisi yang melibatkan dan mempertemukan sembilan kelompok mahasiswa yang merupakan perwakilan dari masing-masing fakultas di Maranatha melalui ...",12246,117,https://news.maranatha.edu/universitas-kristen-maranatha-gelar-liga-maranatha-cermat-guna-bangun-jiwa-kompetisi-mahasiswa-2/,news.maranatha.edu,maranatha.edu,https://news.maranatha.edu › univer...,no,TRUE,TRUE,FALSE,FALSE,FALSE,"Indonesia Sukasari, Bandung City, West Java",11/3/2023,13:29
82,81,site:news.maranatha.edu,desktop,"Rapat Perdana 2023 Bersama Rektor, Dekan, dan Ketua ...","5 days ago — Rapat Pimpinan Universitas Kristen Maranatha perdana di tahun 2023 bersama dengan Rektor, Dekan, dan Ketua Program Studi diselenggarakan pada Kamis, ...",12393,117,https://news.maranatha.edu/photo/rapat-perdana-2023-bersama-rektor-dekan-dan-ketua-program-studi-uk-maranatha/,news.maranatha.edu,maranatha.edu,https://news.maranatha.edu › photo,no,TRUE,TRUE,FALSE,FALSE,FALSE,"Indonesia Sukasari, Bandung City, West Java",11/3/2023,13:29
83,82,site:news.maranatha.edu,desktop,Fakultas Bisnis Maranatha Melakukan Abdimas Kembangkan ...,"Jul 4, 2023 — Share: ... Fakultas Bisnis (FB) Universitas Kristen Maranatha mengadakan kegiatan pengabdian masyarakat (abdimas) pada 26-27 Mei 2023 di Pos Paud Kasih Ibu, ...",12540,117,https://news.maranatha.edu/fakultas-bisnis-maranatha-melakukan-abdimas-kembangkan-bisnis-umkm-bersama-pekka-di-sadang-serang/,news.maranatha.edu,maranatha.edu,https://news.maranatha.edu › fakult...,no,TRUE,TRUE,FALSE,FALSE,FALSE,"Indonesia Sukasari, Bandung City, West Java",11/3/2023,13:29
84,83,site:news.maranatha.edu,desktop,DKV Maranatha Bantu Sekolah Santo Yusup Desain Feed ...,"Aug 22, 2023 — “Media ini dipilih karena merupakan wadah yang paling banyak digunakan oleh masyarakat Indonesia, dan kebanyakan murid juga sudah memiliki ponsel cerdas sendiri ...",12687,117,https://news.maranatha.edu/dkv-maranatha-bantu-sekolah-santo-yusup-desain-feed-instagram-yang-atraktif-dan-informatif/,news.maranatha.edu,maranatha.edu,https://news.maranatha.edu › dkv-m...,no,TRUE,TRUE,FALSE,FALSE,FALSE,"Indonesia Sukasari, Bandung City, West Java",11/3/2023,13:29
85,84,site:news.maranatha.edu,desktop,IKPM dan Korean Center Maranatha Gelar Lomba Masak ...,7 days ago — Ikatan Kekeluargaan Perempuan Maranatha (IKPM) berkolaborasi dengan Korean Center Maranatha mengadakan Lomba Masakan Korea. Kegiatan ini diadakan dalam ...,12833,117,https://news.maranatha.edu/photo/ikpm-dan-korean-center-maranatha-gelar-lomba-masak-korea-sambut-hari-ibu/,news.maranatha.edu,maranatha.edu,https://news.maranatha.edu › photo,no,TRUE,TRUE,FALSE,FALSE,FALSE,"Indonesia Sukasari, Bandung City, West Java",11/3/2023,13:29
86,85,site:news.maranatha.edu,desktop,Adi Suwasono Yobel Ahimsa Raih Juara Harapan I Lomba ...,3 days ago — Perlombaan ini diselenggarakan oleh Yayasan Profesor Gunawan Tjahjono pada 15 – 31 Agustus 2023 secara online. Penguman pemenang diumumkan pada 20 Oktober 2023.,12980,117,https://news.maranatha.edu/adi-suwasono-yobel-ahimsa-raih-juara-harapan-i-lomba-fotografi-arsitektur-vernakular-2023/,news.maranatha.edu,maranatha.edu,https://news.maranatha.edu › adi-su...,no,TRUE,FALSE,FALSE,FALSE,FALSE,"Indonesia Sukasari, Bandung City, West Java",11/3/2023,13:29
87,86,site:news.maranatha.edu,desktop,Mahasiswa Kedokteran UK Maranatha Raih Juara III Regional ...,"Sep 7, 2023 — Kedua mahasiswa Fakultas Kedokteran Universitas Kristen Maranatha ini mendapatkan gelar juara di cabang Infeksi Tropis. RMO 2023 dengan tema “Adrenaline” ...",13127,117,https://news.maranatha.edu/mahasiswa-kedokteran-uk-maranatha-raih-juara-iii-regional-medical-olympiad-cabang-infeksi-tropis/,news.maranatha.edu,maranatha.edu,https://news.maranatha.edu › mahas...,no,TRUE,TRUE,FALSE,FALSE,FALSE,"Indonesia Sukasari, Bandung City, West Java",11/3/2023,13:29
88,87,site:news.maranatha.edu,desktop,UK Maranatha dan Pemkab Cirebon Tandatangani MoU ...,"Jul 24, 2023 — Share: ... Universitas Kristen Maranatha menandatangani nota kesepahaman atau Memorandum of Understanding (MoU) dengan Pemerintah Kabupaten Cirebon.",13274,117,https://news.maranatha.edu/uk-maranatha-dan-pemkab-cirebon-tandatangani-mou-untuk-memanfaatkan-potensi-alam-dan-budaya/,news.maranatha.edu,maranatha.edu,https://news.maranatha.edu › uk-ma...,no,TRUE,TRUE,FALSE,FALSE,FALSE,"Indonesia Sukasari, Bandung City, West Java",11/3/2023,13:29
89,88,site:news.maranatha.edu,desktop,Kunjungan The Sumitomo Foundation ke Maranatha Guna ...,"Aug 10, 2023 — Tujuan program hibah yang diadakan oleh The Sumitomo Foundation ini adalah untuk mengeratkan hubungan antara negara-negara di Asia dan Jepang melalui promosi ...",13420,117,https://news.maranatha.edu/kunjungan-the-sumitomo-foundation-ke-maranatha-guna-diskusikan-hibah-japan-related-research-project/,news.maranatha.edu,maranatha.edu,https://news.maranatha.edu › kunju...,no,TRUE,TRUE,FALSE,FALSE,FALSE,"Indonesia Sukasari, Bandung City, West Java",11/3/2023,13:29
90,89,site:news.maranatha.edu,desktop,"Dekan FK Maranatha, dr. Diana Krisanti Jasaputra, Terima ...","Aug 16, 2023 — Share: ... Dekan Fakultas Kedokteran Universitas Kristen Maranatha, Dr. dr. Diana Krisanti Jasaputra, M.Kes. mencetak prestasi dengan mendapatkan hibah World ...",13567,117,https://news.maranatha.edu/dekan-fk-maranatha-dr-diana-krisanti-jasaputra-terima-hibah-world-class-professor-2023/,news.maranatha.edu,maranatha.edu,https://news.maranatha.edu › dekan...,no,TRUE,TRUE,FALSE,FALSE,FALSE,"Indonesia Sukasari, Bandung City, West Java",11/3/2023,13:29
91,90,site:news.maranatha.edu,desktop,"Ciptakan Sustainable Culture, Fakultas Bisnis Maranatha ...","4 days ago — Fakultas Bisnis (FB) Universitas Kristen Maranatha menyelenggarakan International Guest Lecture dan Talk Show pada 20-21 Oktober 2023 di Ruang Teater, ...",13744,117,https://news.maranatha.edu/ciptakan-sustainable-culture-fakultas-bisnis-maranatha-adakan-international-guest-lecture-and-talk-show/,news.maranatha.edu,maranatha.edu,https://news.maranatha.edu › ciptak...,no,TRUE,TRUE,FALSE,FALSE,FALSE,"Indonesia Sukasari, Bandung City, West Java",11/3/2023,13:29
92,91,site:news.maranatha.edu,desktop,Pengukuhan Guru Besar UK Maranatha: Bentuk Pengakuan ...,"Oct 17, 2023 — Universitas Kristen Maranatha mengadakan Upacara Sidang Terbuka Senat UK Maranatha dalam rangka Pengukuhan Guru Besar pada Selasa, 10 Oktober 2023.",13891,117,https://news.maranatha.edu/pengukuhan-guru-besar-uk-maranatha-bentuk-pengakuan-atas-dedikasi-dalam-bidang-ilmu-pengetahuan/,news.maranatha.edu,maranatha.edu,https://news.maranatha.edu › pengu...,no,TRUE,FALSE,FALSE,FALSE,FALSE,"Indonesia Sukasari, Bandung City, West Java",11/3/2023,13:29
93,92,site:news.maranatha.edu,desktop,Pro-Kontra ChatGPT di Dunia Akademik: Alat Bantu atau ...,"Oct 3, 2023 — Terdapat pendapat bersifat pro yang mengatakan bahwa ChatGPT bisa menjadi alat bantu di dunia pendidikan. Sam pernah memberikan gambaran tentang hadirnya search ...",14038,117,https://news.maranatha.edu/featured/pro-kontra-chatgpt-di-dunia-akademik-alat-bantu-atau-tantangan-bagi-akademisi/,news.maranatha.edu,maranatha.edu,https://news.maranatha.edu › featured,no,TRUE,TRUE,FALSE,FALSE,FALSE,"Indonesia Sukasari, Bandung City, West Java",11/3/2023,13:29
94,93,site:news.maranatha.edu,desktop,100 Anggota FORKOM PUSPA Jawa Barat Hadiri Pelatihan ...,"7 days ago — Guna menyelaraskan dengan visi pemerintah dalam Revolusi Industri 4.0, Program Sarjana Teknik Elektro Universitas Kristen Maranatha bersama organisasi ...",14185,117,https://news.maranatha.edu/100-anggota-forkom-puspa-jawa-barat-hadiri-pelatihan-media-sosial-teknik-elektro-maranatha/,news.maranatha.edu,maranatha.edu,https://news.maranatha.edu › 100-a...,no,TRUE,TRUE,FALSE,FALSE,FALSE,"Indonesia Sukasari, Bandung City, West Java",11/3/2023,13:29
95,94,site:news.maranatha.edu,desktop,"Ibadah Syukur Dies Natalis ke-58 UK Maranatha, Bergerak ke ...","Sep 26, 2023 — “Setiap civitas academica bergerak ke depan, kepada janji-janji Allah. Saudara berkuliah di tempat ini ada satu goal penting. Tujuan utama yang tidak boleh Anda ...",14332,117,https://news.maranatha.edu/ibadah-syukur-dies-natalis-ke-58-uk-maranatha-bergerak-ke-depan-menuju-janji-janji-allah/,news.maranatha.edu,maranatha.edu,https://news.maranatha.edu › ibadah...,no,TRUE,TRUE,FALSE,FALSE,FALSE,"Indonesia Sukasari, Bandung City, West Java",11/3/2023,13:29
96,95,site:news.maranatha.edu,desktop,Kerja Sama Maranatha dan Pemerintah Kabupaten ...,"Jul 27, 2023 — Kerja sama kali ini berkaitan dengan rencana pembangunan Maranatha Learning Center (MLC) di Kabupaten Kepulauan Tanimbar dengan tujuan untuk menyelaraskan ...",14478,117,https://news.maranatha.edu/kerja-sama-maranatha-dan-pemerintah-kabupaten-kepulauan-tanimbar-atasi-tantangan-pendidikan-dan-umkm-di-maluku/,news.maranatha.edu,maranatha.edu,https://news.maranatha.edu › kerja-s...,no,TRUE,TRUE,FALSE,FALSE,FALSE,"Indonesia Sukasari, Bandung City, West Java",11/3/2023,13:29
97,96,site:news.maranatha.edu,desktop,Teknik Industri Maranatha Berikan Pelatihan Metode Kaizen ...,"Sep 21, 2023 — Guna membantu mempertahankan keunggulan dalam persaingan dagang dan kualitas produk, tim pengabdian kepada masyarakat (PKM) Program Sarjana Teknik Industri ...",14625,117,https://news.maranatha.edu/teknik-industri-maranatha-berikan-pelatihan-metode-kaizen-untuk-tingkatkan-produktivitas-pabrik-mie-ho-kie-san/,news.maranatha.edu,maranatha.edu,https://news.maranatha.edu › teknik...,no,TRUE,TRUE,FALSE,FALSE,FALSE,"Indonesia Sukasari, Bandung City, West Java",11/3/2023,13:29
98,97,site:news.maranatha.edu,desktop,"Seminar Nasional dan Kuliah Umum UK Maranatha, Orias","Sep 20, 2023 — Orias juga menyoroti pada seseorang yang memiliki kemampuan, tetapi tidak bisa dipercaya. “Anda mempunyai kemampuan, tetapi tidak bisa dipercaya, maka 'nol'!",14772,117,https://news.maranatha.edu/seminar-nasional-dan-kuliah-umum-uk-maranatha-orias-punya-kemampuan-tetapi-tidak-berintegritas-maka-nol/,news.maranatha.edu,maranatha.edu,https://news.maranatha.edu › semin...,no,FALSE,FALSE,FALSE,FALSE,FALSE,"Indonesia Sukasari, Bandung City, West Java",11/3/2023,13:29
99,98,site:news.maranatha.edu,desktop,Tim Abdimas Fakultas Teknik dan Teknologi Informasi beri ...,"Jul 7, 2023 — Peserta dalam pelatihan ini adalah para kader Pemberdayaan Kesejahteraan Keluarga (PKK) dan Usaha Mikro Kecil dan Menengah (UMKM) di lingkungan Kelurahan ...",14919,117,https://news.maranatha.edu/tim-abdimas-fakultas-teknik-dan-teknologi-informasi-beri-pelatihan-kemimpinan-di-era-digital-di-kelurahan-sukawarna/,news.maranatha.edu,maranatha.edu,https://news.maranatha.edu › tim-ab...,no,TRUE,TRUE,FALSE,FALSE,FALSE,"Indonesia Sukasari, Bandung City, West Java",11/3/2023,13:29
100,99,site:news.maranatha.edu,desktop,"Padukan Wayang Kulit dengan K-Pop, Sharren Darlenne ...","Sep 6, 2023 — Sharren Darlenne Nathania (2261006), mahasiswa Program Studi Diploma Seni Rupa dan Desain Universitas Kristen Maranatha berhasil Juara III dalam perlombaan ...",15065,117,https://news.maranatha.edu/padukan-wayang-kulit-dengan-k-pop-sharren-darlenne-nathania-raih-juara-iii-innofashion-show-5-competition/,news.maranatha.edu,maranatha.edu,https://news.maranatha.edu › paduk...,no,TRUE,TRUE,FALSE,FALSE,FALSE,"Indonesia Sukasari, Bandung City, West Java",11/3/2023,13:29